Название,Артикул,Категория,Цена без карты,Цена с картой
Фотообои ТВОЯ ПЛАНЕТА Москва-сити,19511801,"Главная,Каталог,Обои,Фотообои",835.00 ₽,793.25 ₽
Фотообои DIVINO Мото,16090001,"Главная,Каталог,Обои,Фотообои",2 649.00 ₽,2 516.55 ₽
Фотообои DIVINO В золоте,16091001,"Главная,Каталог,Обои,Фотообои",5 249.00 ₽,4 986.55 ₽
Фотообои DIVINO Дрифт,16090901,"Главная,Каталог,Обои,Фотообои",5 249.00 ₽,4 986.55 ₽
Фотообои DIVINO Розы белые,16090601,"Главная,Каталог,Обои,Фотообои",5 354.00 ₽,5 086.30 ₽
Фотообои DIVINO Белые орхидеи,16090501,"Главная,Каталог,Обои,Фотообои",5 354.00 ₽,5 086.30 ₽
Фотообои ATELIERO Берёзовая роща,14501601,"Главная,Каталог,Обои,Фотообои",3 136.75 ₽,2 979.91 ₽
Фотообои ТВОЯ ПЛАНЕТА Лилии,19511501,"Главная,Каталог,Обои,Фотообои",475.00 ₽,451.25 ₽
Фотообои MARBURG Nena 46100,10979701,"Главная,Каталог,Обои,Фотообои",6 949.00 ₽,6 601.55 ₽
Фотообои GRANDECO Exposure EP6101,18172601,"Главная,Каталог,Обои,Фотообои",3 900.00 ₽,
Фотообои GRANDECO Exposure EP6002,18172501,"Главная,Каталог,Обои,Фотообои",3 900.00 ₽,
Фотообои GRANDECO Exposure EP6102,18172701,"Главная,Каталог,Обои,Фотообои",3 900.00 ₽,
Фотообои ATELIERO Улочка,19527301,"Главная,Каталог,Обои,Фотообои",1 578.90 ₽,1 499.95 ₽
Фотообои DIVINO Париж винтаж,17290001,"Главная,Каталог,Обои,Фотообои",3 220.00 ₽,3 059.00 ₽
Фотообои ATELIERO 3D-Геометрия,19527401,"Главная,Каталог,Обои,Фотообои",1 578.90 ₽,1 499.95 ₽
Фотообои MARBURG Nena 46101,10979801,"Главная,Каталог,Обои,Фотообои",6 949.00 ₽,6 601.55 ₽
Фотообои GRANDECO Exposure EP6001,18172401,"Главная,Каталог,Обои,Фотообои",3 900.00 ₽,
Фотообои MARBURG Nena 46102,10980001,"Главная,Каталог,Обои,Фотообои",6 949.00 ₽,6 601.55 ₽
Фотообои BN INTERNATIONAL Van Gogh 30546,14125001,"Главная,Каталог,Обои,Фотообои",24 517.00 ₽,
Фотообои BN INTERNATIONAL Van Gogh 30547,14124801,"Главная,Каталог,Обои,Фотообои",21 047.00 ₽,
Фотообои BN INTERNATIONAL Van Gogh 30544,14124901,"Главная,Каталог,Обои,Фотообои",24 517.00 ₽,
Фотообои BN INTERNATIONAL Van Gogh 30548,14125201,"Главная,Каталог,Обои,Фотообои",28 063.00 ₽,
Фотообои BN INTERNATIONAL Van Gogh 30541,14125301,"Главная,Каталог,Обои,Фотообои",14 031.00 ₽,
Фотообои BN INTERNATIONAL Van Gogh 30542,14125401,"Главная,Каталог,Обои,Фотообои",14 031.00 ₽,
Фотообои BN INTERNATIONAL Van Gogh 30540,14125101,"Главная,Каталог,Обои,Фотообои",28 063.00 ₽,
Фотообои ATELIERO Водопад,14501501,"Главная,Каталог,Обои,Фотообои",3 136.75 ₽,2 979.91 ₽
Фотообои ATELIERO Алиса в стране чудес,14501701,"Главная,Каталог,Обои,Фотообои",3 136.75 ₽,2 979.91 ₽
Фотообои ATELIERO Греческий город,14502101,"Главная,Каталог,Обои,Фотообои",1 578.90 ₽,1 499.95 ₽
Фотообои ATELIERO Фиджи,14502801,"Главная,Каталог,Обои,Фотообои",4 605.12 ₽,4 374.86 ₽
Фотообои RASCH B.B Home passion VI 862416,16586301,"Главная,Каталог,Обои,Фотообои",34 180.00 ₽,
Фотообои BN INTERNATIONAL Van Gogh 30545,14125501,"Главная,Каталог,Обои,Фотообои",14 031.00 ₽,
Фотообои RASCH B.B Home passion VI 862430,16586501,"Главная,Каталог,Обои,Фотообои",34 180.00 ₽,
Фотообои RASCH B.B Home passion VI 862423,16586401,"Главная,Каталог,Обои,Фотообои",34 180.00 ₽,
Фотообои RASCH Factory III 940909,16599901,"Главная,Каталог,Обои,Фотообои",15 680.00 ₽,
Фотообои RASCH Factory III 940947,16600001,"Главная,Каталог,Обои,Фотообои",15 680.00 ₽,
Фотообои RASCH Factory III 940916,16600201,"Главная,Каталог,Обои,Фотообои",31 370.00 ₽,
Фотообои RASCH Factory III 940923,16600101,"Главная,Каталог,Обои,Фотообои",19 620.00 ₽,
Фотообои ATELIERO Побережье,14502001,"Главная,Каталог,Обои,Фотообои",1 449.00 ₽,1 376.55 ₽
Фотообои ATELIERO Космос,14502301,"Главная,Каталог,Обои,Фотообои",1 578.90 ₽,1 499.95 ₽
Фотообои ATELIERO Сказка,15156201,"Главная,Каталог,Обои,Фотообои",3 136.75 ₽,2 979.91 ₽
Фотообои ATELIERO Детская карта мира,15156801,"Главная,Каталог,Обои,Фотообои",2 289.41 ₽,2 174.94 ₽
Фотообои ТВОЯ ПЛАНЕТА Утренняя роза,15423301,"Главная,Каталог,Обои,Фотообои",475.00 ₽,451.25 ₽
Фотообои RASCH Factory III 940930,16600301,"Главная,Каталог,Обои,Фотообои",31 370.00 ₽,
Фотообои DIVINO Волны объемные,16089501,"Главная,Каталог,Обои,Фотообои",5 354.00 ₽,5 086.30 ₽
Фотообои DIVINO Воздушные шары,16090301,"Главная,Каталог,Обои,Фотообои",4 500.00 ₽,4 275.00 ₽
Фотообои DIVINO Носорог 3D,16089701,"Главная,Каталог,Обои,Фотообои",5 657.73 ₽,5 374.84 ₽
Фотообои DIVINO Бруклинский мост,16090101,"Главная,Каталог,Обои,Фотообои",3 349.00 ₽,3 181.55 ₽
Фотообои ATELIERO Испанская улочка,19524901,"Главная,Каталог,Обои,Фотообои",3 136.75 ₽,2 979.91 ₽
Фотообои ATELIERO Георгин розовый,19525101,"Главная,Каталог,Обои,Фотообои",1 578.90 ₽,1 499.95 ₽
Фотообои DIVINO Фон объемный,16090801,"Главная,Каталог,Обои,Фотообои",4 500.00 ₽,4 275.00 ₽
Фотообои ATELIERO Лютики,19525201,"Главная,Каталог,Обои,Фотообои",1 578.90 ₽,1 499.95 ₽
Фотообои ATELIERO Черно-белые деревья,19525401,"Главная,Каталог,Обои,Фотообои",1 578.90 ₽,1 499.95 ₽
Фотообои ATELIERO Утренний город,19525501,"Главная,Каталог,Обои,Фотообои",4 605.13 ₽,4 374.87 ₽
Фотообои ATELIERO Ретроавтомобиль,19525301,"Главная,Каталог,Обои,Фотообои",1 578.90 ₽,1 499.95 ₽
Фотообои СИМФОНИЯ Арка,20328401,"Главная,Каталог,Обои,Фотообои",719.00 ₽,683.05 ₽
Фотообои СИМФОНИЯ Берёзовый лес,20328701,"Главная,Каталог,Обои,Фотообои",689.00 ₽,654.55 ₽
Фотообои СИМФОНИЯ Венеция,20329001,"Главная,Каталог,Обои,Фотообои",1 189.00 ₽,1 129.55 ₽
Фотообои СИМФОНИЯ Бамбуковый мост,20328601,"Главная,Каталог,Обои,Фотообои",1 189.00 ₽,1 129.55 ₽
Фотообои СИМФОНИЯ Веселая компания,20329101,"Главная,Каталог,Обои,Фотообои",919.00 ₽,873.05 ₽
Фотообои СИМФОНИЯ Водопад в Хорватии,20329401,"Главная,Каталог,Обои,Фотообои",909.00 ₽,863.55 ₽
Фотообои СИМФОНИЯ Золотой город,20329601,"Главная,Каталог,Обои,Фотообои",1 189.00 ₽,1 129.55 ₽
Фотообои СИМФОНИЯ Водопад,20329301,"Главная,Каталог,Обои,Фотообои",719.00 ₽,683.05 ₽
Фотообои RASCH Factory III 940954,16600401,"Главная,Каталог,Обои,Фотообои",31 370.00 ₽,
"Фотообои СИМФОНИЯ О, Париж!",20330501,"Главная,Каталог,Обои,Фотообои",909.00 ₽,863.55 ₽
Фотообои СИМФОНИЯ Плитвицкие озера,20330601,"Главная,Каталог,Обои,Фотообои",909.00 ₽,863.55 ₽
Фотообои СИМФОНИЯ Изумрудная гладь,20329701,"Главная,Каталог,Обои,Фотообои",1 189.00 ₽,1 129.55 ₽
Фотообои СИМФОНИЯ Терраса,20331001,"Главная,Каталог,Обои,Фотообои",719.00 ₽,683.05 ₽
Фотообои СИМФОНИЯ Русская красавица,20330801,"Главная,Каталог,Обои,Фотообои",719.00 ₽,683.05 ₽
Фотообои СИМФОНИЯ Белая орхидея,22096701,"Главная,Каталог,Обои,Фотообои",769.00 ₽,730.55 ₽
Фотообои СИМФОНИЯ Цветущая сакура,20331101,"Главная,Каталог,Обои,Фотообои",719.00 ₽,683.05 ₽
Фотообои СИМФОНИЯ Вид на море,22096801,"Главная,Каталог,Обои,Фотообои",769.00 ₽,730.55 ₽
Фотообои СИМФОНИЯ Горная река,22097601,"Главная,Каталог,Обои,Фотообои",1 209.00 ₽,1 148.55 ₽
Фотообои СИМФОНИЯ Экзотика,22098401,"Главная,Каталог,Обои,Фотообои",959.00 ₽,911.05 ₽
Фотообои СИМФОНИЯ Радуга вкуса,22098201,"Главная,Каталог,Обои,Фотообои",439.00 ₽,417.05 ₽
Фотообои ATELIERO Лев Лофт,23319801,"Главная,Каталог,Обои,Фотообои",3 810.00 ₽,3 619.50 ₽
Фотообои ATELIERO Водопад,23319901,"Главная,Каталог,Обои,Фотообои",4 270.00 ₽,4 056.50 ₽
Фотообои ATELIERO Водопад большой,23320001,"Главная,Каталог,Обои,Фотообои",1 500.00 ₽,1 425.00 ₽
Фотообои СИМФОНИЯ Футбольный триумф,22098301,"Главная,Каталог,Обои,Фотообои",459.00 ₽,436.05 ₽
Фотообои ATELIERO Губы граффити,23320101,"Главная,Каталог,Обои,Фотообои",2 230.00 ₽,2 118.50 ₽
Фотообои ATELIERO Детская карта мира,23320301,"Главная,Каталог,Обои,Фотообои",2 230.00 ₽,2 118.50 ₽
Фотообои OVK DESIGN Солнечная система,23320501,"Главная,Каталог,Обои,Фотообои",1 500.00 ₽,1 425.00 ₽
Фотообои OVK DESIGN Котята,23320601,"Главная,Каталог,Обои,Фотообои",1 500.00 ₽,1 425.00 ₽
Фотообои ATELIERO Шарики,23320201,"Главная,Каталог,Обои,Фотообои",2 230.00 ₽,2 118.50 ₽
Фотообои OVK DESIGN Горы и млечный путь,23320801,"Главная,Каталог,Обои,Фотообои",2 980.00 ₽,2 831.00 ₽
Фотообои OVK DESIGN Небоскребы в ночном Дубае,23320701,"Главная,Каталог,Обои,Фотообои",1 500.00 ₽,1 425.00 ₽
Фотообои ATELIERO Лондон,23320401,"Главная,Каталог,Обои,Фотообои",4 270.00 ₽,4 056.50 ₽
Фотообои OVK DESIGN Вечерний город,23320901,"Главная,Каталог,Обои,Фотообои",1 500.00 ₽,1 425.00 ₽
Фотообои OVK DESIGN Море на закате,23321001,"Главная,Каталог,Обои,Фотообои",1 500.00 ₽,1 425.00 ₽
Фотообои ТВОЯ ПЛАНЕТА Нежность,19511901,"Главная,Каталог,Обои,Фотообои",445.24 ₽,422.98 ₽
Фотообои ТВОЯ ПЛАНЕТА Розовый мираж,19512601,"Главная,Каталог,Обои,Фотообои",785.00 ₽,745.75 ₽
Фотообои ATELIERO Горное озеро,19527701,"Главная,Каталог,Обои,Фотообои",2 980.00 ₽,2 831.00 ₽
Фотообои ТВОЯ ПЛАНЕТА Парижский этюд,19512401,"Главная,Каталог,Обои,Фотообои",445.24 ₽,422.98 ₽
Фотообои ART&STYLE Крокусы,5473201,"Главная,Каталог,Обои,Фотообои",2 649.00 ₽,2 516.55 ₽
Фотообои ART&STYLE Город,6624201,"Главная,Каталог,Обои,Фотообои",2 649.00 ₽,2 516.55 ₽
Фотообои ART&STYLE Сакура,5473301,"Главная,Каталог,Обои,Фотообои",2 649.00 ₽,2 516.55 ₽
Фотообои ART&STYLE Лошади,6624401,"Главная,Каталог,Обои,Фотообои",2 649.00 ₽,2 516.55 ₽
Фотообои ART&STYLE Парусник,6624501,"Главная,Каталог,Обои,Фотообои",2 649.00 ₽,2 516.55 ₽
Фотообои ART&STYLE Сирень,6624601,"Главная,Каталог,Обои,Фотообои",2 649.00 ₽,2 516.55 ₽
Фотообои ART&STYLE Берёза,7042201,"Главная,Каталог,Обои,Фотообои",2 649.00 ₽,2 516.55 ₽
Фотообои ART&STYLE Австрия,7944901,"Главная,Каталог,Обои,Фотообои",5 299.00 ₽,5 034.05 ₽
Фотообои ART&STYLE Тигр,7042601,"Главная,Каталог,Обои,Фотообои",2 649.00 ₽,2 516.55 ₽
Фотообои ART&STYLE Бухта,7945101,"Главная,Каталог,Обои,Фотообои",5 299.00 ₽,5 034.05 ₽
Фотообои ART&STYLE Орхидея,7042501,"Главная,Каталог,Обои,Фотообои",2 649.00 ₽,2 516.55 ₽
Фотообои MARBURG Nena 46098,10979501,"Главная,Каталог,Обои,Фотообои",6 949.00 ₽,6 601.55 ₽
Фотообои ART&STYLE Тропинка,7945501,"Главная,Каталог,Обои,Фотообои",5 299.00 ₽,5 034.05 ₽
Фотообои ART&STYLE Леопард,7945201,"Главная,Каталог,Обои,Фотообои",5 299.00 ₽,5 034.05 ₽
Фотообои ART&STYLE Грибочек,8684201,"Главная,Каталог,Обои,Фотообои",5 299.00 ₽,5 034.05 ₽
Фотообои MARBURG Nena 46096,10979301,"Главная,Каталог,Обои,Фотообои",6 949.00 ₽,6 601.55 ₽
Фотообои MARBURG Nena 46097,10979401,"Главная,Каталог,Обои,Фотообои",6 949.00 ₽,6 601.55 ₽
Фотообои ART&STYLE Ночной Дубай,7945401,"Главная,Каталог,Обои,Фотообои",5 299.00 ₽,5 034.05 ₽
Фотообои MARBURG Nena 46099,10979601,"Главная,Каталог,Обои,Фотообои",6 949.00 ₽,6 601.55 ₽
Фотообои ATELIERO Фантазия,19527801,"Главная,Каталог,Обои,Фотообои",3 136.75 ₽,2 979.91 ₽
Фотообои BN INTERNATIONAL Panthera 200351,20626701,"Главная,Каталог,Обои,Фотообои",25 754.00 ₽,
Фотообои BN INTERNATIONAL Panthera 200348,20626601,"Главная,Каталог,Обои,Фотообои",12 877.00 ₽,
Фотообои ATELIERO Черно-белый модерн,19527901,"Главная,Каталог,Обои,Фотообои",4 605.13 ₽,4 374.87 ₽
Фотообои ATELIERO Розовый букет,13137801,"Главная,Каталог,Обои,Фотообои",1 578.90 ₽,1 499.95 ₽
Фотообои ATELIERO Арка,13137701,"Главная,Каталог,Обои,Фотообои",3 136.75 ₽,2 979.91 ₽
Фотообои ATELIERO Французская мостовая,13138101,"Главная,Каталог,Обои,Фотообои",1 578.90 ₽,1 499.95 ₽
Фотообои ATELIERO Нью-Йорк,13138201,"Главная,Каталог,Обои,Фотообои",1 578.90 ₽,1 499.95 ₽
Фотообои ATELIERO Океан,13138301,"Главная,Каталог,Обои,Фотообои",1 578.90 ₽,1 499.95 ₽
Фотообои ATELIERO Карта,13138401,"Главная,Каталог,Обои,Фотообои",1 578.90 ₽,1 499.95 ₽
Фотообои ATELIERO Граффити,13138501,"Главная,Каталог,Обои,Фотообои",1 578.90 ₽,1 499.95 ₽
Фотообои ATELIERO Фреска,13138601,"Главная,Каталог,Обои,Фотообои",4 605.13 ₽,4 374.87 ₽
Фотообои ATELIERO Букет роз,13138701,"Главная,Каталог,Обои,Фотообои",2 289.41 ₽,2 174.94 ₽
Фотообои ATELIERO Морской пейзаж,13139101,"Главная,Каталог,Обои,Фотообои",6 105.08 ₽,5 799.83 ₽
Фотообои ATELIERO Ночной город,13138801,"Главная,Каталог,Обои,Фотообои",2 289.41 ₽,2 174.94 ₽
Фотообои ATELIERO Тигр,14501301,"Главная,Каталог,Обои,Фотообои",3 136.75 ₽,2 979.91 ₽
